sl	en	de
Afina in projektivna geometrija		
Algebra 1		
Algebra 2		
Algebra 3		
Algebra in diskretna matematika		
Algebraične krivulje		
Analiza 1		
Analiza 2		
Analiza 2a		
Analiza 2b		
Analiza 3		
Analiza 3 s programa Matematika		
Analiza 4		
Analiza podatkov s programom R		
Astronomija		
Denar in finance		
Didaktika 1		
Didaktika matematike 1		
Didaktika matematike 2		
Diferencialna geometrija		
Diferencialne enačbe		
Diskretna matematika 1		
Diskretna matematika 2		
Diskretne strukture		
Ekonometrija 1		
Elementarna geometrija		
Elementarna teorija števil		
Finančna matematika 1		
Finančna matematika 2		
Finančni praktikum		
Finančni trgi in inštitucije		
Fizika 1		
Fizika 2		
Fizikalni praktikum		
Iterativne numerične metode v linearni algebri		
Izbrana poglavja iz diskretne matematike 1: Končni avtomati		
Izbrana poglavja iz optimizacije		
Izbrana poglavja iz računalniške matematike: Računalniške metode v teoriji grup		
Izbrana poglavja iz topologije		
Izbrane teme iz analize podatkov		
Komutativna algebra		
Linearna algebra		
Logika		
Logika in množice		
Makroekonomija		
Matematična orodja v fiziki		
Matematično izražanje v angleškem jeziku		
Matematično modeliranje		
Matematika 1		
Matematika 2		
Matematika v družbi		
Mehanika		
Mehanika 1		
Mikroekonomija		
Moderna fizika		
Monetarna ekonomija		
Numerična integracija in navadne diferencialne enačbe		
Numerična linearna algebra		
Numerične metode 1		
Numerične metode 2		
Operacijske raziskave		
Optimizacija		
Optimizacija 1		
Optimizacijske metode		
Organizacija in struktura trga		
Parcialne diferencialne enačbe		
Pedagogika z andragogiko		
Podatkovna analiza in pravno varstvo podatkov		
Podatkovne baze 1		
Podatkovne baze 2		
Podatkovne strukture in algoritmi 1		
Podatkovne strukture in algoritmi 2		
Programiranje 1		
Programiranje 2		
Proseminar		
Proseminar A		
Računalniški praktikum		
Računalniško podprto geometrijsko oblikovanje		
Računalništvo 2		
Računska geometrija		
Simbolno računanje		
Slučajni procesi 1		
Slučajni procesi 2		
Splošna topologija		
Statistika		
Statistika 1		
Statistika 2		
Temelji finančnega in poslovodnega računovodstva		
Teorija grafov		
Teorija iger		
Teorija izračunljivosti		
Teorija kodiranja in kriptografija		
Teorija števil		
Uvod v diferencialno geometrijo		
Uvod v fiziko		
Uvod v funkcionalno analizo		
Uvod v geometrijsko topologijo		
Uvod v harmonično analizo		
Uvod v numerične metode		
Uvod v programiranje		
Verjetnost		
Verjetnost 1		
Verjetnost 2		
Verjetnost in statistika		
Verjetnost z mero		
